"","scenario","autocorr","n","method","bias","coverage","mse","power","mcse_bias","mcse_cover","mcse_mse","mcse_power"
"1","1","0.00|0.00|0.00","20.000","Linear Reg","0.007","0.954","0.823","0.178","0.020","0.005","0.001","0.009"
"2","1","0.00|0.00|0.00","20.000","Prais Winsten","0.007","0.906","0.873","0.268","0.021","0.007","0.001","0.010"
"3","1","0.00|0.00|0.00","20.000","ARMA","0.006","0.883","0.850","0.309","0.021","0.007","0.001","0.010"
"4","1","0.00|0.00|0.00","20.000","Newey West","0.007","0.724","0.823","0.461","0.020","0.010","0.001","0.011"
"5","1","0.00|0.00|0.00","20.000","MA(1)","0.013","0.738","0.968","0.436","0.022","0.010","0.001","0.011"
"6","1","0.00|0.00|0.00","20.000","MA(2)","0.021","0.715","1.014","0.460","0.023","0.010","0.001","0.011"
"7","1","0.00|0.00|0.00","20.000","MA(3)","0.018","0.681","1.043","0.481","0.023","0.010","0.001","0.011"
"8","1","0.00|0.00|0.00","20.000","MA(3) K-R","0.013","0.958","1.201","0.102","0.025","0.004","0.001","0.007"
"9","2","0.00|0.00|0.00","50.000","Linear Reg","0.001","0.947","0.327","0.417","0.013","0.005","0.000","0.011"
"10","2","0.00|0.00|0.00","50.000","Prais Winsten","0.002","0.926","0.330","0.463","0.013","0.006","0.000","0.011"
"11","2","0.00|0.00|0.00","50.000","ARMA","-0.000","0.905","0.333","0.498","0.013","0.007","0.000","0.011"
"12","2","0.00|0.00|0.00","50.000","Newey West","0.001","0.799","0.327","0.615","0.013","0.009","0.000","0.011"
"13","2","0.00|0.00|0.00","50.000","MA(1)","0.001","0.879","0.334","0.517","0.013","0.007","0.000","0.011"
"14","2","0.00|0.00|0.00","50.000","MA(2)","0.003","0.807","0.351","0.578","0.013","0.009","0.000","0.011"
"15","2","0.00|0.00|0.00","50.000","MA(3)","0.004","0.748","0.383","0.624","0.014","0.010","0.000","0.011"
"16","2","0.00|0.00|0.00","50.000","MA(3) K-R","0.004","0.947","0.370","0.330","0.014","0.005","0.000","0.011"
"17","3","0.00|0.00|0.00","100.000","Linear Reg","0.004","0.953","0.165","0.686","0.009","0.005","0.000","0.010"
"18","3","0.00|0.00|0.00","100.000","Prais Winsten","0.004","0.946","0.165","0.701","0.009","0.005","0.000","0.010"
"19","3","0.00|0.00|0.00","100.000","ARMA","0.003","0.931","0.166","0.722","0.009","0.006","0.000","0.010"
"20","3","0.00|0.00|0.00","100.000","Newey West","0.004","0.863","0.165","0.783","0.009","0.008","0.000","0.009"
"21","3","0.00|0.00|0.00","100.000","MA(1)","0.004","0.933","0.166","0.724","0.009","0.006","0.000","0.010"
"22","3","0.00|0.00|0.00","100.000","MA(2)","0.004","0.908","0.166","0.743","0.009","0.006","0.000","0.010"
"23","3","0.00|0.00|0.00","100.000","MA(3)","0.003","0.877","0.170","0.776","0.009","0.007","0.000","0.009"
"24","3","0.00|0.00|0.00","100.000","MA(3) K-R","NA","NA","NA","NA","NA","NA","NA","NA"
"25","4","0.00|0.00|0.00","300.000","Linear Reg","0.004","0.943","0.054","0.992","0.005","0.005","0.000","0.002"
"26","4","0.00|0.00|0.00","300.000","Prais Winsten","0.004","0.944","0.054","0.992","0.005","0.005","0.000","0.002"
"27","4","0.00|0.00|0.00","300.000","ARMA","0.005","0.939","0.054","0.991","0.005","0.005","0.000","0.002"
"28","4","0.00|0.00|0.00","300.000","Newey West","0.004","0.922","0.054","0.993","0.005","0.006","0.000","0.002"
"29","4","0.00|0.00|0.00","300.000","MA(1)","0.004","0.941","0.054","0.992","0.005","0.005","0.000","0.002"
"30","4","0.00|0.00|0.00","300.000","MA(2)","0.004","0.942","0.054","0.994","0.005","0.005","0.000","0.002"
"31","4","0.00|0.00|0.00","300.000","MA(3)","0.004","0.934","0.054","0.993","0.005","0.006","0.000","0.002"
"32","4","0.00|0.00|0.00","300.000","MA(3) K-R","NA","NA","NA","NA","NA","NA","NA","NA"
"33","5","0.09|0.06|0.01","20.000","Linear Reg","0.005","0.938","0.930","0.198","0.022","0.005","0.001","0.009"
"34","5","0.09|0.06|0.01","20.000","Prais Winsten","0.005","0.897","0.979","0.252","0.022","0.007","0.001","0.010"
"35","5","0.09|0.06|0.01","20.000","ARMA","0.008","0.862","0.955","0.297","0.022","0.008","0.001","0.010"
"36","5","0.09|0.06|0.01","20.000","Newey West","0.005","0.748","0.930","0.418","0.022","0.010","0.001","0.011"
"37","5","0.09|0.06|0.01","20.000","MA(1)","0.011","0.762","1.065","0.393","0.023","0.010","0.001","0.011"
"38","5","0.09|0.06|0.01","20.000","MA(2)","0.002","0.726","1.197","0.438","0.024","0.010","0.001","0.011"
"39","5","0.09|0.06|0.01","20.000","MA(3)","0.009","0.691","1.241","0.458","0.025","0.010","0.001","0.011"
"40","5","0.09|0.06|0.01","20.000","MA(3) K-R","0.004","0.969","1.370","0.102","0.026","0.004","0.001","0.007"
"41","6","0.09|0.06|0.01","50.000","Linear Reg","-0.006","0.921","0.401","0.433","0.014","0.006","0.000","0.011"
"42","6","0.09|0.06|0.01","50.000","Prais Winsten","-0.006","0.919","0.402","0.425","0.014","0.006","0.000","0.011"
"43","6","0.09|0.06|0.01","50.000","ARMA","-0.005","0.897","0.403","0.474","0.014","0.007","0.000","0.011"
"44","6","0.09|0.06|0.01","50.000","Newey West","-0.006","0.818","0.401","0.542","0.014","0.009","0.000","0.011"
"45","6","0.09|0.06|0.01","50.000","MA(1)","-0.006","0.891","0.404","0.474","0.014","0.007","0.000","0.011"
"46","6","0.09|0.06|0.01","50.000","MA(2)","-0.011","0.839","0.421","0.497","0.015","0.008","0.000","0.011"
"47","6","0.09|0.06|0.01","50.000","MA(3)","-0.010","0.769","0.459","0.554","0.015","0.009","0.000","0.011"
"48","6","0.09|0.06|0.01","50.000","MA(3) K-R","-0.009","0.943","0.432","0.292","0.015","0.005","0.000","0.010"
"49","7","0.09|0.06|0.01","100.000","Linear Reg","-0.015","0.919","0.207","0.691","0.010","0.006","0.000","0.010"
"50","7","0.09|0.06|0.01","100.000","Prais Winsten","-0.015","0.929","0.207","0.652","0.010","0.006","0.000","0.011"
"51","7","0.09|0.06|0.01","100.000","ARMA","-0.015","0.909","0.209","0.682","0.010","0.006","0.000","0.010"
"52","7","0.09|0.06|0.01","100.000","Newey West","-0.015","0.872","0.207","0.732","0.010","0.007","0.000","0.010"
"53","7","0.09|0.06|0.01","100.000","MA(1)","-0.015","0.919","0.207","0.679","0.010","0.006","0.000","0.010"
"54","7","0.09|0.06|0.01","100.000","MA(2)","-0.014","0.916","0.209","0.663","0.010","0.006","0.000","0.011"
"55","7","0.09|0.06|0.01","100.000","MA(3)","-0.016","0.887","0.213","0.681","0.010","0.007","0.000","0.010"
"56","7","0.09|0.06|0.01","100.000","MA(3) K-R","NA","NA","NA","NA","NA","NA","NA","NA"
"57","8","0.09|0.06|0.01","300.000","Linear Reg","-0.002","0.912","0.071","0.982","0.006","0.006","0.000","0.003"
"58","8","0.09|0.06|0.01","300.000","Prais Winsten","-0.003","0.931","0.071","0.975","0.006","0.006","0.000","0.003"
"59","8","0.09|0.06|0.01","300.000","ARMA","-0.003","0.924","0.072","0.974","0.006","0.006","0.000","0.004"
"60","8","0.09|0.06|0.01","300.000","Newey West","-0.002","0.917","0.071","0.974","0.006","0.006","0.000","0.004"
"61","8","0.09|0.06|0.01","300.000","MA(1)","-0.002","0.925","0.071","0.978","0.006","0.006","0.000","0.003"
"62","8","0.09|0.06|0.01","300.000","MA(2)","-0.002","0.935","0.071","0.972","0.006","0.006","0.000","0.004"
"63","8","0.09|0.06|0.01","300.000","MA(3)","-0.002","0.934","0.071","0.973","0.006","0.006","0.000","0.004"
"64","8","0.09|0.06|0.01","300.000","MA(3) K-R","NA","NA","NA","NA","NA","NA","NA","NA"
"65","9","0.18|0.10|0.01","20.000","Linear Reg","0.043","0.908","1.040","0.205","0.023","0.006","0.001","0.009"
"66","9","0.18|0.10|0.01","20.000","Prais Winsten","0.034","0.872","1.101","0.241","0.023","0.007","0.001","0.010"
"67","9","0.18|0.10|0.01","20.000","ARMA","0.042","0.843","1.065","0.292","0.023","0.008","0.001","0.010"
"68","9","0.18|0.10|0.01","20.000","Newey West","0.043","0.736","1.040","0.390","0.023","0.010","0.001","0.011"
"69","9","0.18|0.10|0.01","20.000","MA(1)","0.035","0.746","1.190","0.372","0.024","0.010","0.001","0.011"
"70","9","0.18|0.10|0.01","20.000","MA(2)","0.033","0.694","1.343","0.430","0.026","0.010","0.001","0.011"
"71","9","0.18|0.10|0.01","20.000","MA(3)","0.038","0.672","1.356","0.438","0.026","0.010","0.001","0.011"
"72","9","0.18|0.10|0.01","20.000","MA(3) K-R","0.037","0.959","1.476","0.088","0.027","0.004","0.001","0.006"
"73","10","0.18|0.10|0.01","50.000","Linear Reg","0.019","0.894","0.479","0.407","0.015","0.007","0.000","0.011"
"74","10","0.18|0.10|0.01","50.000","Prais Winsten","0.016","0.909","0.473","0.363","0.015","0.006","0.000","0.011"
"75","10","0.18|0.10|0.01","50.000","ARMA","0.017","0.879","0.481","0.417","0.015","0.007","0.000","0.011"
"76","10","0.18|0.10|0.01","50.000","Newey West","0.019","0.824","0.479","0.477","0.015","0.009","0.000","0.011"
"77","10","0.18|0.10|0.01","50.000","MA(1)","0.017","0.888","0.477","0.407","0.015","0.007","0.000","0.011"
"78","10","0.18|0.10|0.01","50.000","MA(2)","0.019","0.836","0.505","0.416","0.016","0.008","0.000","0.011"
"79","10","0.18|0.10|0.01","50.000","MA(3)","0.021","0.783","0.557","0.468","0.017","0.009","0.000","0.011"
"80","10","0.18|0.10|0.01","50.000","MA(3) K-R","0.015","0.942","0.540","0.250","0.016","0.005","0.000","0.010"
"81","11","0.18|0.10|0.01","100.000","Linear Reg","-0.017","0.891","0.242","0.667","0.011","0.007","0.000","0.011"
"82","11","0.18|0.10|0.01","100.000","Prais Winsten","-0.017","0.920","0.240","0.591","0.011","0.006","0.000","0.011"
"83","11","0.18|0.10|0.01","100.000","ARMA","-0.019","0.901","0.244","0.623","0.011","0.007","0.000","0.011"
"84","11","0.18|0.10|0.01","100.000","Newey West","-0.017","0.867","0.242","0.667","0.011","0.008","0.000","0.011"
"85","11","0.18|0.10|0.01","100.000","MA(1)","-0.016","0.911","0.240","0.626","0.011","0.006","0.000","0.011"
"86","11","0.18|0.10|0.01","100.000","MA(2)","-0.019","0.916","0.240","0.595","0.011","0.006","0.000","0.011"
"87","11","0.18|0.10|0.01","100.000","MA(3)","-0.019","0.891","0.245","0.603","0.011","0.007","0.000","0.011"
"88","11","0.18|0.10|0.01","100.000","MA(3) K-R","NA","NA","NA","NA","NA","NA","NA","NA"
"89","12","0.18|0.10|0.01","300.000","Linear Reg","0.004","0.883","0.087","0.966","0.007","0.007","0.000","0.004"
"90","12","0.18|0.10|0.01","300.000","Prais Winsten","0.004","0.928","0.086","0.940","0.007","0.006","0.000","0.005"
"91","12","0.18|0.10|0.01","300.000","ARMA","0.004","0.926","0.087","0.940","0.007","0.006","0.000","0.005"
"92","12","0.18|0.10|0.01","300.000","Newey West","0.004","0.908","0.087","0.948","0.007","0.006","0.000","0.005"
"93","12","0.18|0.10|0.01","300.000","MA(1)","0.004","0.916","0.087","0.953","0.007","0.006","0.000","0.005"
"94","12","0.18|0.10|0.01","300.000","MA(2)","0.004","0.934","0.086","0.938","0.007","0.006","0.000","0.005"
"95","12","0.18|0.10|0.01","300.000","MA(3)","0.004","0.937","0.086","0.937","0.007","0.005","0.000","0.005"
"96","12","0.18|0.10|0.01","300.000","MA(3) K-R","NA","NA","NA","NA","NA","NA","NA","NA"
"97","13","0.18|0.04|0.01","20.000","Linear Reg","-0.015","0.928","0.942","0.212","0.022","0.006","0.001","0.009"
"98","13","0.18|0.04|0.01","20.000","Prais Winsten","-0.015","0.901","1.003","0.254","0.022","0.007","0.001","0.010"
"99","13","0.18|0.04|0.01","20.000","ARMA","-0.021","0.872","0.972","0.306","0.022","0.007","0.001","0.010"
"100","13","0.18|0.04|0.01","20.000","Newey West","-0.015","0.747","0.942","0.425","0.022","0.010","0.001","0.011"
"101","13","0.18|0.04|0.01","20.000","MA(1)","-0.014","0.769","1.093","0.388","0.023","0.009","0.001","0.011"
"102","13","0.18|0.04|0.01","20.000","MA(2)","-0.020","0.710","1.246","0.442","0.025","0.010","0.001","0.011"
"103","13","0.18|0.04|0.01","20.000","MA(3)","-0.019","0.703","1.254","0.455","0.025","0.010","0.001","0.011"
"104","13","0.18|0.04|0.01","20.000","MA(3) K-R","-0.027","0.963","1.413","0.105","0.027","0.004","0.001","0.007"
"105","14","0.18|0.04|0.01","50.000","Linear Reg","-0.021","0.913","0.431","0.435","0.015","0.006","0.000","0.011"
"106","14","0.18|0.04|0.01","50.000","Prais Winsten","-0.020","0.927","0.436","0.389","0.015","0.006","0.000","0.011"
"107","14","0.18|0.04|0.01","50.000","ARMA","-0.018","0.900","0.440","0.445","0.015","0.007","0.000","0.011"
"108","14","0.18|0.04|0.01","50.000","Newey West","-0.021","0.823","0.431","0.522","0.015","0.009","0.000","0.011"
"109","14","0.18|0.04|0.01","50.000","MA(1)","-0.020","0.908","0.436","0.419","0.015","0.006","0.000","0.011"
"110","14","0.18|0.04|0.01","50.000","MA(2)","-0.016","0.857","0.450","0.464","0.015","0.008","0.000","0.011"
"111","14","0.18|0.04|0.01","50.000","MA(3)","-0.016","0.795","0.482","0.527","0.016","0.009","0.000","0.011"
"112","14","0.18|0.04|0.01","50.000","MA(3) K-R","-0.013","0.954","0.470","0.263","0.015","0.005","0.000","0.010"
"113","15","0.18|0.04|0.01","100.000","Linear Reg","0.008","0.904","0.234","0.655","0.011","0.007","0.000","0.011"
"114","15","0.18|0.04|0.01","100.000","Prais Winsten","0.007","0.936","0.231","0.565","0.011","0.005","0.000","0.011"
"115","15","0.18|0.04|0.01","100.000","ARMA","0.007","0.908","0.234","0.608","0.011","0.006","0.000","0.011"
"116","15","0.18|0.04|0.01","100.000","Newey West","0.008","0.865","0.234","0.657","0.011","0.008","0.000","0.011"
"117","15","0.18|0.04|0.01","100.000","MA(1)","0.007","0.923","0.231","0.597","0.011","0.006","0.000","0.011"
"118","15","0.18|0.04|0.01","100.000","MA(2)","0.007","0.921","0.233","0.600","0.011","0.006","0.000","0.011"
"119","15","0.18|0.04|0.01","100.000","MA(3)","0.008","0.891","0.239","0.618","0.011","0.007","0.000","0.011"
"120","15","0.18|0.04|0.01","100.000","MA(3) K-R","NA","NA","NA","NA","NA","NA","NA","NA"
"121","16","0.18|0.04|0.01","300.000","Linear Reg","-0.002","0.897","0.080","0.973","0.006","0.007","0.000","0.004"
"122","16","0.18|0.04|0.01","300.000","Prais Winsten","-0.003","0.944","0.079","0.945","0.006","0.005","0.000","0.005"
"123","16","0.18|0.04|0.01","300.000","ARMA","-0.003","0.936","0.079","0.948","0.006","0.005","0.000","0.005"
"124","16","0.18|0.04|0.01","300.000","Newey West","-0.002","0.914","0.080","0.953","0.006","0.006","0.000","0.005"
"125","16","0.18|0.04|0.01","300.000","MA(1)","-0.003","0.936","0.079","0.953","0.006","0.005","0.000","0.005"
"126","16","0.18|0.04|0.01","300.000","MA(2)","-0.002","0.939","0.079","0.948","0.006","0.005","0.000","0.005"
"127","16","0.18|0.04|0.01","300.000","MA(3)","-0.002","0.934","0.079","0.944","0.006","0.006","0.000","0.005"
"128","16","0.18|0.04|0.01","300.000","MA(3) K-R","NA","NA","NA","NA","NA","NA","NA","NA"
"129","17","0.24|0.16|0.09","20.000","Linear Reg","0.004","0.902","1.133","0.235","0.024","0.007","0.001","0.009"
"130","17","0.24|0.16|0.09","20.000","Prais Winsten","-0.001","0.863","1.178","0.270","0.024","0.008","0.001","0.010"
"131","17","0.24|0.16|0.09","20.000","ARMA","-0.004","0.834","1.157","0.336","0.024","0.008","0.001","0.011"
"132","17","0.24|0.16|0.09","20.000","Newey West","0.004","0.754","1.133","0.405","0.024","0.010","0.001","0.011"
"133","17","0.24|0.16|0.09","20.000","MA(1)","0.008","0.759","1.308","0.405","0.026","0.010","0.001","0.011"
"134","17","0.24|0.16|0.09","20.000","MA(2)","-0.006","0.699","1.466","0.448","0.027","0.010","0.001","0.011"
"135","17","0.24|0.16|0.09","20.000","MA(3)","0.003","0.667","1.545","0.461","0.028","0.011","0.001","0.011"
"136","17","0.24|0.16|0.09","20.000","MA(3) K-R","-0.002","0.949","1.557","0.110","0.028","0.005","0.001","0.007"
"137","18","0.24|0.16|0.09","50.000","Linear Reg","-0.020","0.859","0.579","0.442","0.017","0.008","0.000","0.011"
"138","18","0.24|0.16|0.09","50.000","Prais Winsten","-0.021","0.900","0.566","0.382","0.017","0.007","0.000","0.011"
"139","18","0.24|0.16|0.09","50.000","ARMA","-0.020","0.858","0.575","0.438","0.017","0.008","0.000","0.011"
"140","18","0.24|0.16|0.09","50.000","Newey West","-0.020","0.825","0.579","0.468","0.017","0.008","0.000","0.011"
"141","18","0.24|0.16|0.09","50.000","MA(1)","-0.021","0.866","0.567","0.425","0.017","0.008","0.000","0.011"
"142","18","0.24|0.16|0.09","50.000","MA(2)","-0.020","0.857","0.575","0.416","0.017","0.008","0.000","0.011"
"143","18","0.24|0.16|0.09","50.000","MA(3)","-0.023","0.826","0.625","0.431","0.018","0.008","0.000","0.011"
"144","18","0.24|0.16|0.09","50.000","MA(3) K-R","-0.023","0.948","0.623","0.234","0.018","0.005","0.000","0.009"
"145","19","0.24|0.16|0.09","100.000","Linear Reg","0.012","0.851","0.314","0.615","0.013","0.008","0.000","0.011"
"146","19","0.24|0.16|0.09","100.000","Prais Winsten","0.013","0.919","0.305","0.512","0.012","0.006","0.000","0.011"
"147","19","0.24|0.16|0.09","100.000","ARMA","0.011","0.903","0.308","0.527","0.012","0.007","0.000","0.011"
"148","19","0.24|0.16|0.09","100.000","Newey West","0.012","0.868","0.314","0.567","0.013","0.008","0.000","0.011"
"149","19","0.24|0.16|0.09","100.000","MA(1)","0.012","0.894","0.307","0.564","0.012","0.007","0.000","0.011"
"150","19","0.24|0.16|0.09","100.000","MA(2)","0.011","0.916","0.304","0.522","0.012","0.006","0.000","0.011"
"151","19","0.24|0.16|0.09","100.000","MA(3)","0.011","0.918","0.305","0.490","0.012","0.006","0.000","0.011"
"152","19","0.24|0.16|0.09","100.000","MA(3) K-R","NA","NA","NA","NA","NA","NA","NA","NA"
"153","20","0.24|0.16|0.09","300.000","Linear Reg","0.006","0.842","0.110","0.945","0.007","0.008","0.000","0.005"
"154","20","0.24|0.16|0.09","300.000","Prais Winsten","0.006","0.921","0.108","0.889","0.007","0.006","0.000","0.007"
"155","20","0.24|0.16|0.09","300.000","ARMA","0.007","0.929","0.107","0.867","0.007","0.006","0.000","0.008"
"156","20","0.24|0.16|0.09","300.000","Newey West","0.006","0.910","0.110","0.892","0.007","0.006","0.000","0.007"
"157","20","0.24|0.16|0.09","300.000","MA(1)","0.006","0.899","0.108","0.912","0.007","0.007","0.000","0.006"
"158","20","0.24|0.16|0.09","300.000","MA(2)","0.006","0.922","0.108","0.890","0.007","0.006","0.000","0.007"
"159","20","0.24|0.16|0.09","300.000","MA(3)","0.007","0.939","0.107","0.864","0.007","0.005","0.000","0.008"
"160","20","0.24|0.16|0.09","300.000","MA(3) K-R","NA","NA","NA","NA","NA","NA","NA","NA"
"161","21","0.30|0.24|0.06","20.000","Linear Reg","0.009","0.864","1.392","0.258","0.026","0.008","0.001","0.010"
"162","21","0.30|0.24|0.06","20.000","Prais Winsten","0.013","0.845","1.363","0.266","0.026","0.008","0.001","0.010"
"163","21","0.30|0.24|0.06","20.000","ARMA","0.013","0.801","1.399","0.340","0.026","0.009","0.001","0.011"
"164","21","0.30|0.24|0.06","20.000","Newey West","0.009","0.737","1.392","0.383","0.026","0.010","0.001","0.011"
"165","21","0.30|0.24|0.06","20.000","MA(1)","0.010","0.749","1.486","0.378","0.027","0.010","0.001","0.011"
"166","21","0.30|0.24|0.06","20.000","MA(2)","0.008","0.691","1.658","0.428","0.029","0.010","0.001","0.011"
"167","21","0.30|0.24|0.06","20.000","MA(3)","-0.004","0.662","1.766","0.441","0.030","0.011","0.001","0.011"
"168","21","0.30|0.24|0.06","20.000","MA(3) K-R","0.006","0.949","1.666","0.100","0.029","0.005","0.001","0.007"
"169","22","0.30|0.24|0.06","50.000","Linear Reg","-0.024","0.836","0.696","0.445","0.019","0.008","0.001","0.011"
"170","22","0.30|0.24|0.06","50.000","Prais Winsten","-0.024","0.888","0.661","0.357","0.018","0.007","0.000","0.011"
"171","22","0.30|0.24|0.06","50.000","ARMA","-0.027","0.857","0.684","0.420","0.018","0.008","0.001","0.011"
"172","22","0.30|0.24|0.06","50.000","Newey West","-0.024","0.815","0.696","0.455","0.019","0.009","0.001","0.011"
"173","22","0.30|0.24|0.06","50.000","MA(1)","-0.025","0.852","0.673","0.427","0.018","0.008","0.001","0.011"
"174","22","0.30|0.24|0.06","50.000","MA(2)","-0.029","0.885","0.658","0.373","0.018","0.007","0.000","0.011"
"175","22","0.30|0.24|0.06","50.000","MA(3)","-0.033","0.817","0.740","0.408","0.019","0.009","0.001","0.011"
"176","22","0.30|0.24|0.06","50.000","MA(3) K-R","-0.030","0.944","0.700","0.230","0.019","0.005","0.001","0.009"
"177","23","0.30|0.24|0.06","100.000","Linear Reg","-0.004","0.820","0.368","0.622","0.014","0.009","0.000","0.011"
"178","23","0.30|0.24|0.06","100.000","Prais Winsten","-0.005","0.901","0.355","0.480","0.013","0.007","0.000","0.011"
"179","23","0.30|0.24|0.06","100.000","ARMA","-0.004","0.892","0.363","0.482","0.013","0.007","0.000","0.011"
"180","23","0.30|0.24|0.06","100.000","Newey West","-0.004","0.853","0.368","0.545","0.014","0.008","0.000","0.011"
"181","23","0.30|0.24|0.06","100.000","MA(1)","-0.005","0.864","0.359","0.557","0.013","0.008","0.000","0.011"
"182","23","0.30|0.24|0.06","100.000","MA(2)","-0.005","0.906","0.353","0.470","0.013","0.007","0.000","0.011"
"183","23","0.30|0.24|0.06","100.000","MA(3)","-0.003","0.911","0.357","0.453","0.013","0.006","0.000","0.011"
"184","23","0.30|0.24|0.06","100.000","MA(3) K-R","NA","NA","NA","NA","NA","NA","NA","NA"
"185","24","0.30|0.24|0.06","300.000","Linear Reg","-0.004","0.823","0.127","0.922","0.008","0.009","0.000","0.006"
"186","24","0.30|0.24|0.06","300.000","Prais Winsten","-0.005","0.918","0.125","0.852","0.008","0.006","0.000","0.008"
"187","24","0.30|0.24|0.06","300.000","ARMA","-0.006","0.923","0.125","0.836","0.008","0.006","0.000","0.008"
"188","24","0.30|0.24|0.06","300.000","Newey West","-0.004","0.903","0.127","0.861","0.008","0.007","0.000","0.008"
"189","24","0.30|0.24|0.06","300.000","MA(1)","-0.004","0.881","0.126","0.893","0.008","0.007","0.000","0.007"
"190","24","0.30|0.24|0.06","300.000","MA(2)","-0.005","0.923","0.124","0.848","0.008","0.006","0.000","0.008"
"191","24","0.30|0.24|0.06","300.000","MA(3)","-0.005","0.941","0.124","0.827","0.008","0.005","0.000","0.008"
"192","24","0.30|0.24|0.06","300.000","MA(3) K-R","NA","NA","NA","NA","NA","NA","NA","NA"
"193","25","0.31|0.21|0.09","20.000","Linear Reg","-0.028","0.886","1.299","0.253","0.025","0.007","0.001","0.010"
"194","25","0.31|0.21|0.09","20.000","Prais Winsten","-0.022","0.866","1.297","0.263","0.025","0.008","0.001","0.010"
"195","25","0.31|0.21|0.09","20.000","ARMA","-0.030","0.814","1.316","0.333","0.026","0.009","0.001","0.011"
"196","25","0.31|0.21|0.09","20.000","Newey West","-0.028","0.752","1.299","0.379","0.025","0.010","0.001","0.011"
"197","25","0.31|0.21|0.09","20.000","MA(1)","-0.027","0.751","1.432","0.367","0.027","0.010","0.001","0.011"
"198","25","0.31|0.21|0.09","20.000","MA(2)","-0.034","0.699","1.588","0.417","0.028","0.010","0.001","0.011"
"199","25","0.31|0.21|0.09","20.000","MA(3)","-0.049","0.669","1.696","0.450","0.029","0.011","0.001","0.011"
"200","25","0.31|0.21|0.09","20.000","MA(3) K-R","-0.013","0.950","1.619","0.090","0.029","0.005","0.001","0.006"
"201","26","0.31|0.21|0.09","50.000","Linear Reg","-0.008","0.842","0.664","0.415","0.018","0.008","0.000","0.011"
"202","26","0.31|0.21|0.09","50.000","Prais Winsten","-0.008","0.901","0.637","0.322","0.018","0.007","0.000","0.010"
"203","26","0.31|0.21|0.09","50.000","ARMA","-0.010","0.861","0.654","0.373","0.018","0.008","0.000","0.011"
"204","26","0.31|0.21|0.09","50.000","Newey West","-0.008","0.833","0.664","0.412","0.018","0.008","0.000","0.011"
"205","26","0.31|0.21|0.09","50.000","MA(1)","-0.006","0.865","0.640","0.381","0.018","0.008","0.000","0.011"
"206","26","0.31|0.21|0.09","50.000","MA(2)","-0.007","0.877","0.653","0.354","0.018","0.007","0.000","0.011"
"207","26","0.31|0.21|0.09","50.000","MA(3)","-0.006","0.832","0.719","0.375","0.019","0.008","0.001","0.011"
"208","26","0.31|0.21|0.09","50.000","MA(3) K-R","-0.004","0.939","0.707","0.215","0.019","0.005","0.001","0.009"
"209","27","0.31|0.21|0.09","100.000","Linear Reg","0.022","0.825","0.351","0.602","0.013","0.008","0.000","0.011"
"210","27","0.31|0.21|0.09","100.000","Prais Winsten","0.019","0.913","0.334","0.463","0.013","0.006","0.000","0.011"
"211","27","0.31|0.21|0.09","100.000","ARMA","0.021","0.906","0.339","0.476","0.013","0.007","0.000","0.011"
"212","27","0.31|0.21|0.09","100.000","Newey West","0.022","0.862","0.351","0.534","0.013","0.008","0.000","0.011"
"213","27","0.31|0.21|0.09","100.000","MA(1)","0.022","0.876","0.339","0.540","0.013","0.007","0.000","0.011"
"214","27","0.31|0.21|0.09","100.000","MA(2)","0.020","0.908","0.334","0.475","0.013","0.006","0.000","0.011"
"215","27","0.31|0.21|0.09","100.000","MA(3)","0.019","0.918","0.335","0.445","0.013","0.006","0.000","0.011"
"216","27","0.31|0.21|0.09","100.000","MA(3) K-R","NA","NA","NA","NA","NA","NA","NA","NA"
"217","28","0.31|0.21|0.09","300.000","Linear Reg","0.005","0.798","0.136","0.916","0.008","0.009","0.000","0.006"
"218","28","0.31|0.21|0.09","300.000","Prais Winsten","0.003","0.922","0.132","0.831","0.008","0.006","0.000","0.008"
"219","28","0.31|0.21|0.09","300.000","ARMA","0.004","0.925","0.133","0.807","0.008","0.006","0.000","0.009"
"220","28","0.31|0.21|0.09","300.000","Newey West","0.005","0.899","0.136","0.840","0.008","0.007","0.000","0.008"
"221","28","0.31|0.21|0.09","300.000","MA(1)","0.004","0.879","0.134","0.876","0.008","0.007","0.000","0.007"
"222","28","0.31|0.21|0.09","300.000","MA(2)","0.004","0.917","0.132","0.842","0.008","0.006","0.000","0.008"
"223","28","0.31|0.21|0.09","300.000","MA(3)","0.003","0.935","0.132","0.802","0.008","0.006","0.000","0.009"
"224","28","0.31|0.21|0.09","300.000","MA(3) K-R","NA","NA","NA","NA","NA","NA","NA","NA"
"225","29","0.29|0.12|0.07","20.000","Linear Reg","0.010","0.886","1.243","0.236","0.025","0.007","0.001","0.010"
"226","29","0.29|0.12|0.07","20.000","Prais Winsten","0.002","0.873","1.238","0.240","0.025","0.007","0.001","0.010"
"227","29","0.29|0.12|0.07","20.000","ARMA","-0.007","0.816","1.274","0.329","0.025","0.009","0.001","0.011"
"228","29","0.29|0.12|0.07","20.000","Newey West","0.010","0.746","1.243","0.408","0.025","0.010","0.001","0.011"
"229","29","0.29|0.12|0.07","20.000","MA(1)","0.012","0.762","1.398","0.362","0.026","0.010","0.001","0.011"
"230","29","0.29|0.12|0.07","20.000","MA(2)","0.009","0.694","1.631","0.430","0.029","0.010","0.001","0.011"
"231","29","0.29|0.12|0.07","20.000","MA(3)","-0.005","0.665","1.720","0.452","0.029","0.011","0.001","0.011"
"232","29","0.29|0.12|0.07","20.000","MA(3) K-R","-0.018","0.953","1.714","0.100","0.029","0.005","0.001","0.007"
"233","30","0.29|0.12|0.07","50.000","Linear Reg","-0.031","0.847","0.643","0.446","0.018","0.008","0.000","0.011"
"234","30","0.29|0.12|0.07","50.000","Prais Winsten","-0.025","0.891","0.620","0.352","0.018","0.007","0.000","0.011"
"235","30","0.29|0.12|0.07","50.000","ARMA","-0.026","0.849","0.644","0.412","0.018","0.008","0.000","0.011"
"236","30","0.29|0.12|0.07","50.000","Newey West","-0.031","0.817","0.643","0.468","0.018","0.009","0.000","0.011"
"237","30","0.29|0.12|0.07","50.000","MA(1)","-0.027","0.866","0.623","0.408","0.018","0.008","0.000","0.011"
"238","30","0.29|0.12|0.07","50.000","MA(2)","-0.022","0.847","0.656","0.415","0.018","0.008","0.000","0.011"
"239","30","0.29|0.12|0.07","50.000","MA(3)","-0.025","0.801","0.709","0.454","0.019","0.009","0.001","0.011"
"240","30","0.29|0.12|0.07","50.000","MA(3) K-R","-0.020","0.931","0.679","0.254","0.018","0.006","0.001","0.010"
"241","31","0.29|0.12|0.07","100.000","Linear Reg","-0.011","0.854","0.314","0.639","0.013","0.008","0.000","0.011"
"242","31","0.29|0.12|0.07","100.000","Prais Winsten","-0.007","0.932","0.304","0.487","0.012","0.006","0.000","0.011"
"243","31","0.29|0.12|0.07","100.000","ARMA","-0.009","0.914","0.310","0.525","0.012","0.006","0.000","0.011"
"244","31","0.29|0.12|0.07","100.000","Newey West","-0.011","0.868","0.314","0.592","0.013","0.008","0.000","0.011"
"245","31","0.29|0.12|0.07","100.000","MA(1)","-0.008","0.912","0.306","0.550","0.012","0.006","0.000","0.011"
"246","31","0.29|0.12|0.07","100.000","MA(2)","-0.008","0.913","0.307","0.526","0.012","0.006","0.000","0.011"
"247","31","0.29|0.12|0.07","100.000","MA(3)","-0.009","0.909","0.311","0.514","0.012","0.006","0.000","0.011"
"248","31","0.29|0.12|0.07","100.000","MA(3) K-R","NA","NA","NA","NA","NA","NA","NA","NA"
"249","32","0.29|0.12|0.07","300.000","Linear Reg","-0.005","0.836","0.112","0.943","0.007","0.008","0.000","0.005"
"250","32","0.29|0.12|0.07","300.000","Prais Winsten","-0.005","0.931","0.110","0.874","0.007","0.006","0.000","0.007"
"251","32","0.29|0.12|0.07","300.000","ARMA","-0.006","0.927","0.110","0.877","0.007","0.006","0.000","0.007"
"252","32","0.29|0.12|0.07","300.000","Newey West","-0.005","0.902","0.112","0.888","0.007","0.007","0.000","0.007"
"253","32","0.29|0.12|0.07","300.000","MA(1)","-0.006","0.907","0.110","0.909","0.007","0.006","0.000","0.006"
"254","32","0.29|0.12|0.07","300.000","MA(2)","-0.006","0.916","0.110","0.891","0.007","0.006","0.000","0.007"
"255","32","0.29|0.12|0.07","300.000","MA(3)","-0.005","0.933","0.110","0.871","0.007","0.006","0.000","0.007"
"256","32","0.29|0.12|0.07","300.000","MA(3) K-R","NA","NA","NA","NA","NA","NA","NA","NA"
"257","33","0.48|0.21|0.04","20.000","Linear Reg","-0.001","0.842","1.683","0.269","0.029","0.008","0.001","0.010"
"258","33","0.48|0.21|0.04","20.000","Prais Winsten","0.007","0.871","1.469","0.229","0.027","0.007","0.001","0.009"
"259","33","0.48|0.21|0.04","20.000","ARMA","0.002","0.792","1.631","0.338","0.029","0.009","0.001","0.011"
"260","33","0.48|0.21|0.04","20.000","Newey West","-0.001","0.749","1.683","0.362","0.029","0.010","0.001","0.011"
"261","33","0.48|0.21|0.04","20.000","MA(1)","0.007","0.782","1.617","0.338","0.028","0.009","0.001","0.011"
"262","33","0.48|0.21|0.04","20.000","MA(2)","0.008","0.688","1.882","0.419","0.031","0.010","0.001","0.011"
"263","33","0.48|0.21|0.04","20.000","MA(3)","0.012","0.676","1.988","0.435","0.032","0.010","0.001","0.011"
"264","33","0.48|0.21|0.04","20.000","MA(3) K-R","0.012","0.952","1.830","0.099","0.030","0.005","0.001","0.007"
"265","34","0.48|0.21|0.04","50.000","Linear Reg","-0.055","0.799","0.874","0.433","0.021","0.009","0.001","0.011"
"266","34","0.48|0.21|0.04","50.000","Prais Winsten","-0.053","0.918","0.764","0.273","0.020","0.006","0.001","0.010"
"267","34","0.48|0.21|0.04","50.000","ARMA","-0.059","0.874","0.793","0.324","0.020","0.007","0.001","0.010"
"268","34","0.48|0.21|0.04","50.000","Newey West","-0.055","0.802","0.874","0.405","0.021","0.009","0.001","0.011"
"269","34","0.48|0.21|0.04","50.000","MA(1)","-0.053","0.862","0.789","0.366","0.020","0.008","0.001","0.011"
"270","34","0.48|0.21|0.04","50.000","MA(2)","-0.058","0.882","0.782","0.311","0.020","0.007","0.001","0.010"
"271","34","0.48|0.21|0.04","50.000","MA(3)","-0.060","0.821","0.877","0.373","0.021","0.009","0.001","0.011"
"272","34","0.48|0.21|0.04","50.000","MA(3) K-R","-0.058","0.947","0.853","0.210","0.021","0.005","0.001","0.009"
"273","35","0.48|0.21|0.04","100.000","Linear Reg","-0.004","0.806","0.461","0.580","0.015","0.009","0.000","0.011"
"274","35","0.48|0.21|0.04","100.000","Prais Winsten","0.001","0.938","0.430","0.343","0.015","0.005","0.000","0.011"
"275","35","0.48|0.21|0.04","100.000","ARMA","0.002","0.919","0.432","0.397","0.015","0.006","0.000","0.011"
"276","35","0.48|0.21|0.04","100.000","Newey West","-0.004","0.857","0.461","0.475","0.015","0.008","0.000","0.011"
"277","35","0.48|0.21|0.04","100.000","MA(1)","-0.002","0.883","0.432","0.473","0.015","0.007","0.000","0.011"
"278","35","0.48|0.21|0.04","100.000","MA(2)","0.001","0.927","0.422","0.389","0.015","0.006","0.000","0.011"
"279","35","0.48|0.21|0.04","100.000","MA(3)","0.003","0.921","0.427","0.390","0.015","0.006","0.000","0.011"
"280","35","0.48|0.21|0.04","100.000","MA(3) K-R","NA","NA","NA","NA","NA","NA","NA","NA"
"281","36","0.48|0.21|0.04","300.000","Linear Reg","-0.013","0.797","0.164","0.886","0.009","0.009","0.000","0.007"
"282","36","0.48|0.21|0.04","300.000","Prais Winsten","-0.010","0.954","0.155","0.691","0.009","0.005","0.000","0.010"
"283","36","0.48|0.21|0.04","300.000","ARMA","-0.011","0.932","0.157","0.729","0.009","0.006","0.000","0.010"
"284","36","0.48|0.21|0.04","300.000","Newey West","-0.013","0.904","0.164","0.767","0.009","0.007","0.000","0.009"
"285","36","0.48|0.21|0.04","300.000","MA(1)","-0.012","0.893","0.160","0.821","0.009","0.007","0.000","0.009"
"286","36","0.48|0.21|0.04","300.000","MA(2)","-0.011","0.936","0.156","0.759","0.009","0.005","0.000","0.010"
"287","36","0.48|0.21|0.04","300.000","MA(3)","-0.011","0.942","0.156","0.734","0.009","0.005","0.000","0.010"
"288","36","0.48|0.21|0.04","300.000","MA(3) K-R","NA","NA","NA","NA","NA","NA","NA","NA"
"289","37","0.49|0.14|0.03","20.000","Linear Reg","-0.086","0.844","1.881","0.292","0.031","0.008","0.001","0.010"
"290","37","0.49|0.14|0.03","20.000","Prais Winsten","-0.076","0.879","1.605","0.241","0.028","0.007","0.001","0.010"
"291","37","0.49|0.14|0.03","20.000","ARMA","-0.071","0.787","1.764","0.344","0.030","0.009","0.001","0.011"
"292","37","0.49|0.14|0.03","20.000","Newey West","-0.086","0.718","1.881","0.395","0.031","0.010","0.001","0.011"
"293","37","0.49|0.14|0.03","20.000","MA(1)","-0.089","0.766","1.748","0.345","0.029","0.009","0.001","0.011"
"294","37","0.49|0.14|0.03","20.000","MA(2)","-0.101","0.662","2.104","0.435","0.032","0.011","0.002","0.011"
"295","37","0.49|0.14|0.03","20.000","MA(3)","-0.080","0.632","2.217","0.468","0.033","0.011","0.002","0.011"
"296","37","0.49|0.14|0.03","20.000","MA(3) K-R","-0.095","0.948","2.086","0.101","0.032","0.005","0.002","0.007"
"297","38","0.49|0.14|0.03","50.000","Linear Reg","0.008","0.827","0.842","0.397","0.021","0.008","0.001","0.011"
"298","38","0.49|0.14|0.03","50.000","Prais Winsten","-0.010","0.934","0.744","0.235","0.019","0.006","0.001","0.009"
"299","38","0.49|0.14|0.03","50.000","ARMA","-0.006","0.902","0.750","0.296","0.019","0.007","0.001","0.010"
"300","38","0.49|0.14|0.03","50.000","Newey West","0.008","0.824","0.842","0.373","0.021","0.009","0.001","0.011"
"301","38","0.49|0.14|0.03","50.000","MA(1)","-0.001","0.894","0.737","0.310","0.019","0.007","0.001","0.010"
"302","38","0.49|0.14|0.03","50.000","MA(2)","-0.014","0.892","0.754","0.309","0.019","0.007","0.001","0.010"
"303","38","0.49|0.14|0.03","50.000","MA(3)","-0.008","0.828","0.820","0.363","0.020","0.008","0.001","0.011"
"304","38","0.49|0.14|0.03","50.000","MA(3) K-R","-0.014","0.950","0.796","0.183","0.020","0.005","0.001","0.009"
"305","39","0.49|0.14|0.03","100.000","Linear Reg","-0.004","0.794","0.497","0.567","0.016","0.009","0.000","0.011"
"306","39","0.49|0.14|0.03","100.000","Prais Winsten","-0.008","0.934","0.455","0.339","0.015","0.006","0.000","0.011"
"307","39","0.49|0.14|0.03","100.000","ARMA","-0.011","0.902","0.455","0.423","0.015","0.007","0.000","0.011"
"308","39","0.49|0.14|0.03","100.000","Newey West","-0.004","0.852","0.497","0.487","0.016","0.008","0.000","0.011"
"309","39","0.49|0.14|0.03","100.000","MA(1)","-0.007","0.884","0.451","0.458","0.015","0.007","0.000","0.011"
"310","39","0.49|0.14|0.03","100.000","MA(2)","-0.007","0.907","0.445","0.413","0.015","0.006","0.000","0.011"
"311","39","0.49|0.14|0.03","100.000","MA(3)","-0.007","0.904","0.455","0.413","0.015","0.007","0.000","0.011"
"312","39","0.49|0.14|0.03","100.000","MA(3) K-R","NA","NA","NA","NA","NA","NA","NA","NA"
"313","40","0.49|0.14|0.03","300.000","Linear Reg","-0.002","0.798","0.162","0.878","0.009","0.009","0.000","0.007"
"314","40","0.49|0.14|0.03","300.000","Prais Winsten","-0.006","0.967","0.160","0.668","0.009","0.004","0.000","0.011"
"315","40","0.49|0.14|0.03","300.000","ARMA","-0.003","0.935","0.158","0.743","0.009","0.006","0.000","0.010"
"316","40","0.49|0.14|0.03","300.000","Newey West","-0.002","0.907","0.162","0.769","0.009","0.006","0.000","0.009"
"317","40","0.49|0.14|0.03","300.000","MA(1)","-0.003","0.911","0.158","0.796","0.009","0.006","0.000","0.009"
"318","40","0.49|0.14|0.03","300.000","MA(2)","-0.005","0.938","0.158","0.752","0.009","0.005","0.000","0.010"
"319","40","0.49|0.14|0.03","300.000","MA(3)","-0.004","0.946","0.159","0.732","0.009","0.005","0.000","0.010"
"320","40","0.49|0.14|0.03","300.000","MA(3) K-R","NA","NA","NA","NA","NA","NA","NA","NA"
"321","41","0.56|0.31|0.18","20.000","Linear Reg","-0.010","0.794","2.263","0.299","0.034","0.009","0.002","0.010"
"322","41","0.56|0.31|0.18","20.000","Prais Winsten","0.001","0.857","1.698","0.229","0.029","0.008","0.001","0.009"
"323","41","0.56|0.31|0.18","20.000","ARMA","0.003","0.762","1.970","0.336","0.031","0.010","0.001","0.011"
"324","41","0.56|0.31|0.18","20.000","Newey West","-0.010","0.732","2.263","0.360","0.034","0.010","0.002","0.011"
"325","41","0.56|0.31|0.18","20.000","MA(1)","-0.009","0.756","1.931","0.359","0.031","0.010","0.001","0.011"
"326","41","0.56|0.31|0.18","20.000","MA(2)","-0.010","0.670","2.281","0.413","0.034","0.011","0.002","0.011"
"327","41","0.56|0.31|0.18","20.000","MA(3)","-0.007","0.631","2.368","0.458","0.034","0.011","0.002","0.011"
"328","41","0.56|0.31|0.18","20.000","MA(3) K-R","0.024","0.953","1.970","0.078","0.031","0.005","0.001","0.006"
"329","42","0.56|0.31|0.18","50.000","Linear Reg","0.009","0.745","1.291","0.415","0.025","0.010","0.001","0.011"
"330","42","0.56|0.31|0.18","50.000","Prais Winsten","0.014","0.915","0.938","0.232","0.022","0.006","0.001","0.009"
"331","42","0.56|0.31|0.18","50.000","ARMA","0.010","0.872","0.988","0.290","0.022","0.007","0.001","0.010"
"332","42","0.56|0.31|0.18","50.000","Newey West","0.009","0.803","1.291","0.348","0.025","0.009","0.001","0.011"
"333","42","0.56|0.31|0.18","50.000","MA(1)","0.009","0.844","1.048","0.341","0.023","0.008","0.001","0.011"
"334","42","0.56|0.31|0.18","50.000","MA(2)","0.013","0.853","1.020","0.310","0.023","0.008","0.001","0.010"
"335","42","0.56|0.31|0.18","50.000","MA(3)","-0.009","0.865","1.039","0.291","0.023","0.008","0.001","0.010"
"336","42","0.56|0.31|0.18","50.000","MA(3) K-R","-0.009","0.951","1.001","0.156","0.022","0.005","0.001","0.008"
"337","43","0.56|0.31|0.18","100.000","Linear Reg","-0.029","0.742","0.673","0.547","0.018","0.010","0.001","0.011"
"338","43","0.56|0.31|0.18","100.000","Prais Winsten","-0.011","0.929","0.559","0.301","0.017","0.006","0.000","0.010"
"339","43","0.56|0.31|0.18","100.000","ARMA","-0.013","0.897","0.582","0.340","0.017","0.007","0.000","0.011"
"340","43","0.56|0.31|0.18","100.000","Newey West","-0.029","0.839","0.673","0.405","0.018","0.008","0.001","0.011"
"341","43","0.56|0.31|0.18","100.000","MA(1)","-0.024","0.859","0.587","0.443","0.017","0.008","0.000","0.011"
"342","43","0.56|0.31|0.18","100.000","MA(2)","-0.019","0.878","0.580","0.404","0.017","0.007","0.000","0.011"
"343","43","0.56|0.31|0.18","100.000","MA(3)","-0.014","0.920","0.554","0.328","0.017","0.006","0.000","0.010"
"344","43","0.56|0.31|0.18","100.000","MA(3) K-R","NA","NA","NA","NA","NA","NA","NA","NA"
"345","44","0.56|0.31|0.18","300.000","Linear Reg","-0.005","0.747","0.230","0.826","0.011","0.010","0.000","0.008"
"346","44","0.56|0.31|0.18","300.000","Prais Winsten","-0.009","0.963","0.212","0.545","0.010","0.004","0.000","0.011"
"347","44","0.56|0.31|0.18","300.000","ARMA","-0.011","0.947","0.214","0.590","0.010","0.005","0.000","0.011"
"348","44","0.56|0.31|0.18","300.000","Newey West","-0.005","0.908","0.230","0.641","0.011","0.006","0.000","0.011"
"349","44","0.56|0.31|0.18","300.000","MA(1)","-0.007","0.866","0.217","0.745","0.010","0.008","0.000","0.010"
"350","44","0.56|0.31|0.18","300.000","MA(2)","-0.007","0.902","0.215","0.697","0.010","0.007","0.000","0.010"
"351","44","0.56|0.31|0.18","300.000","MA(3)","-0.011","0.951","0.209","0.594","0.010","0.005","0.000","0.011"
"352","44","0.56|0.31|0.18","300.000","MA(3) K-R","NA","NA","NA","NA","NA","NA","NA","NA"
"353","45","0.60|0.34|0.14","20.000","Linear Reg","0.016","0.803","2.301","0.291","0.034","0.009","0.002","0.010"
"354","45","0.60|0.34|0.14","20.000","Prais Winsten","0.023","0.870","1.739","0.219","0.029","0.008","0.001","0.009"
"355","45","0.60|0.34|0.14","20.000","ARMA","0.026","0.769","2.063","0.332","0.032","0.009","0.002","0.011"
"356","45","0.60|0.34|0.14","20.000","Newey West","0.016","0.758","2.301","0.340","0.034","0.010","0.002","0.011"
"357","45","0.60|0.34|0.14","20.000","MA(1)","0.020","0.776","2.012","0.332","0.032","0.009","0.002","0.011"
"358","45","0.60|0.34|0.14","20.000","MA(2)","0.026","0.700","2.335","0.408","0.034","0.010","0.002","0.011"
"359","45","0.60|0.34|0.14","20.000","MA(3)","0.017","0.642","2.448","0.434","0.035","0.011","0.002","0.011"
"360","45","0.60|0.34|0.14","20.000","MA(3) K-R","0.055","0.956","2.128","0.081","0.033","0.005","0.002","0.006"
"361","46","0.60|0.34|0.14","50.000","Linear Reg","0.021","0.733","1.424","0.410","0.027","0.010","0.001","0.011"
"362","46","0.60|0.34|0.14","50.000","Prais Winsten","-0.009","0.911","1.028","0.231","0.023","0.006","0.001","0.009"
"363","46","0.60|0.34|0.14","50.000","ARMA","-0.003","0.872","1.079","0.275","0.023","0.007","0.001","0.010"
"364","46","0.60|0.34|0.14","50.000","Newey West","0.021","0.795","1.424","0.345","0.027","0.009","0.001","0.011"
"365","46","0.60|0.34|0.14","50.000","MA(1)","0.014","0.813","1.179","0.340","0.024","0.009","0.001","0.011"
"366","46","0.60|0.34|0.14","50.000","MA(2)","0.009","0.863","1.101","0.290","0.023","0.008","0.001","0.010"
"367","46","0.60|0.34|0.14","50.000","MA(3)","0.018","0.860","1.113","0.280","0.024","0.008","0.001","0.010"
"368","46","0.60|0.34|0.14","50.000","MA(3) K-R","0.018","0.951","1.079","0.174","0.023","0.005","0.001","0.008"
"369","47","0.60|0.34|0.14","100.000","Linear Reg","-0.002","0.747","0.714","0.527","0.019","0.010","0.001","0.011"
"370","47","0.60|0.34|0.14","100.000","Prais Winsten","0.018","0.936","0.593","0.259","0.017","0.005","0.000","0.010"
"371","47","0.60|0.34|0.14","100.000","ARMA","0.012","0.903","0.619","0.318","0.018","0.007","0.000","0.010"
"372","47","0.60|0.34|0.14","100.000","Newey West","-0.002","0.852","0.714","0.384","0.019","0.008","0.001","0.011"
"373","47","0.60|0.34|0.14","100.000","MA(1)","0.003","0.843","0.640","0.420","0.018","0.008","0.000","0.011"
"374","47","0.60|0.34|0.14","100.000","MA(2)","0.004","0.894","0.599","0.356","0.017","0.007","0.000","0.011"
"375","47","0.60|0.34|0.14","100.000","MA(3)","0.010","0.922","0.582","0.290","0.017","0.006","0.000","0.010"
"376","47","0.60|0.34|0.14","100.000","MA(3) K-R","NA","NA","NA","NA","NA","NA","NA","NA"
"377","48","0.60|0.34|0.14","300.000","Linear Reg","0.014","0.737","0.266","0.787","0.012","0.010","0.000","0.009"
"378","48","0.60|0.34|0.14","300.000","Prais Winsten","0.009","0.958","0.248","0.475","0.011","0.004","0.000","0.011"
"379","48","0.60|0.34|0.14","300.000","ARMA","0.009","0.936","0.247","0.550","0.011","0.005","0.000","0.011"
"380","48","0.60|0.34|0.14","300.000","Newey West","0.014","0.896","0.266","0.600","0.012","0.007","0.000","0.011"
"381","48","0.60|0.34|0.14","300.000","MA(1)","0.013","0.847","0.255","0.711","0.011","0.008","0.000","0.010"
"382","48","0.60|0.34|0.14","300.000","MA(2)","0.012","0.897","0.247","0.642","0.011","0.007","0.000","0.011"
"383","48","0.60|0.34|0.14","300.000","MA(3)","0.009","0.943","0.242","0.540","0.011","0.005","0.000","0.011"
"384","48","0.60|0.34|0.14","300.000","MA(3) K-R","NA","NA","NA","NA","NA","NA","NA","NA"
"385","49","0.63|0.37|0.20","20.000","Linear Reg","-0.069","0.787","2.532","0.291","0.036","0.009","0.002","0.010"
"386","49","0.63|0.37|0.20","20.000","Prais Winsten","-0.058","0.869","1.764","0.221","0.030","0.008","0.001","0.009"
"387","49","0.63|0.37|0.20","20.000","ARMA","-0.066","0.773","2.074","0.332","0.032","0.009","0.002","0.011"
"388","49","0.63|0.37|0.20","20.000","Newey West","-0.069","0.751","2.532","0.335","0.036","0.010","0.002","0.011"
"389","49","0.63|0.37|0.20","20.000","MA(1)","-0.070","0.746","2.067","0.351","0.032","0.010","0.002","0.011"
"390","49","0.63|0.37|0.20","20.000","MA(2)","-0.057","0.676","2.351","0.414","0.034","0.010","0.002","0.011"
"391","49","0.63|0.37|0.20","20.000","MA(3)","-0.029","0.635","2.542","0.448","0.036","0.011","0.002","0.011"
"392","49","0.63|0.37|0.20","20.000","MA(3) K-R","-0.056","0.960","1.966","0.071","0.031","0.004","0.001","0.006"
"393","50","0.63|0.37|0.20","50.000","Linear Reg","0.001","0.742","1.496","0.391","0.027","0.010","0.001","0.011"
"394","50","0.63|0.37|0.20","50.000","Prais Winsten","0.017","0.913","1.032","0.203","0.023","0.006","0.001","0.009"
"395","50","0.63|0.37|0.20","50.000","ARMA","0.013","0.879","1.097","0.245","0.023","0.007","0.001","0.010"
"396","50","0.63|0.37|0.20","50.000","Newey West","0.001","0.820","1.496","0.305","0.027","0.009","0.001","0.010"
"397","50","0.63|0.37|0.20","50.000","MA(1)","0.008","0.832","1.175","0.305","0.024","0.008","0.001","0.010"
"398","50","0.63|0.37|0.20","50.000","MA(2)","0.015","0.857","1.123","0.275","0.024","0.008","0.001","0.010"
"399","50","0.63|0.37|0.20","50.000","MA(3)","0.007","0.860","1.113","0.276","0.024","0.008","0.001","0.010"
"400","50","0.63|0.37|0.20","50.000","MA(3) K-R","0.015","0.956","1.083","0.129","0.023","0.005","0.001","0.008"
"401","51","0.63|0.37|0.20","100.000","Linear Reg","-0.014","0.726","0.842","0.526","0.021","0.010","0.001","0.011"
"402","51","0.63|0.37|0.20","100.000","Prais Winsten","-0.005","0.936","0.676","0.259","0.018","0.005","0.001","0.010"
"403","51","0.63|0.37|0.20","100.000","ARMA","-0.001","0.912","0.689","0.314","0.019","0.006","0.001","0.010"
"404","51","0.63|0.37|0.20","100.000","Newey West","-0.014","0.852","0.842","0.367","0.021","0.008","0.001","0.011"
"405","51","0.63|0.37|0.20","100.000","MA(1)","-0.012","0.853","0.719","0.430","0.019","0.008","0.001","0.011"
"406","51","0.63|0.37|0.20","100.000","MA(2)","-0.012","0.883","0.702","0.385","0.019","0.007","0.001","0.011"
"407","51","0.63|0.37|0.20","100.000","MA(3)","-0.005","0.932","0.642","0.305","0.018","0.006","0.000","0.010"
"408","51","0.63|0.37|0.20","100.000","MA(3) K-R","NA","NA","NA","NA","NA","NA","NA","NA"
"409","52","0.63|0.37|0.20","300.000","Linear Reg","-0.013","0.719","0.298","0.782","0.012","0.010","0.000","0.009"
"410","52","0.63|0.37|0.20","300.000","Prais Winsten","-0.016","0.959","0.275","0.448","0.012","0.004","0.000","0.011"
"411","52","0.63|0.37|0.20","300.000","ARMA","-0.015","0.934","0.271","0.514","0.012","0.006","0.000","0.011"
"412","52","0.63|0.37|0.20","300.000","Newey West","-0.013","0.891","0.298","0.552","0.012","0.007","0.000","0.011"
"413","52","0.63|0.37|0.20","300.000","MA(1)","-0.013","0.835","0.280","0.697","0.012","0.008","0.000","0.010"
"414","52","0.63|0.37|0.20","300.000","MA(2)","-0.013","0.875","0.276","0.643","0.012","0.007","0.000","0.011"
"415","52","0.63|0.37|0.20","300.000","MA(3)","-0.013","0.944","0.265","0.522","0.012","0.005","0.000","0.011"
"416","52","0.63|0.37|0.20","300.000","MA(3) K-R","NA","NA","NA","NA","NA","NA","NA","NA"
"417","53","0.56|0.18|0.07","20.000","Linear Reg","0.003","0.828","2.090","0.268","0.032","0.008","0.002","0.010"
"418","53","0.56|0.18|0.07","20.000","Prais Winsten","-0.002","0.888","1.638","0.210","0.029","0.007","0.001","0.009"
"419","53","0.56|0.18|0.07","20.000","ARMA","0.007","0.794","1.854","0.309","0.030","0.009","0.001","0.010"
"420","53","0.56|0.18|0.07","20.000","Newey West","0.003","0.751","2.090","0.332","0.032","0.010","0.002","0.011"
"421","53","0.56|0.18|0.07","20.000","MA(1)","-0.021","0.780","1.784","0.337","0.030","0.009","0.001","0.011"
"422","53","0.56|0.18|0.07","20.000","MA(2)","-0.030","0.668","2.144","0.410","0.033","0.011","0.002","0.011"
"423","53","0.56|0.18|0.07","20.000","MA(3)","-0.007","0.622","2.300","0.448","0.034","0.011","0.002","0.011"
"424","53","0.56|0.18|0.07","20.000","MA(3) K-R","-0.027","0.956","2.048","0.081","0.032","0.005","0.002","0.006"
"425","54","0.56|0.18|0.07","50.000","Linear Reg","-0.007","0.793","1.151","0.408","0.024","0.009","0.001","0.011"
"426","54","0.56|0.18|0.07","50.000","Prais Winsten","0.007","0.938","0.905","0.216","0.021","0.005","0.001","0.009"
"427","54","0.56|0.18|0.07","50.000","ARMA","0.007","0.892","0.914","0.295","0.021","0.007","0.001","0.010"
"428","54","0.56|0.18|0.07","50.000","Newey West","-0.007","0.819","1.151","0.360","0.024","0.009","0.001","0.011"
"429","54","0.56|0.18|0.07","50.000","MA(1)","0.007","0.887","0.887","0.315","0.021","0.007","0.001","0.010"
"430","54","0.56|0.18|0.07","50.000","MA(2)","0.005","0.888","0.906","0.299","0.021","0.007","0.001","0.010"
"431","54","0.56|0.18|0.07","50.000","MA(3)","0.010","0.837","0.982","0.319","0.022","0.008","0.001","0.010"
"432","54","0.56|0.18|0.07","50.000","MA(3) K-R","0.019","0.943","0.952","0.169","0.022","0.005","0.001","0.008"
"433","55","0.56|0.18|0.07","100.000","Linear Reg","0.000","0.789","0.578","0.517","0.017","0.009","0.000","0.011"
"434","55","0.56|0.18|0.07","100.000","Prais Winsten","-0.005","0.953","0.509","0.268","0.016","0.005","0.000","0.010"
"435","55","0.56|0.18|0.07","100.000","ARMA","0.004","0.902","0.508","0.367","0.016","0.007","0.000","0.011"
"436","55","0.56|0.18|0.07","100.000","Newey West","0.000","0.858","0.578","0.415","0.017","0.008","0.000","0.011"
"437","55","0.56|0.18|0.07","100.000","MA(1)","0.005","0.888","0.501","0.410","0.016","0.007","0.000","0.011"
"438","55","0.56|0.18|0.07","100.000","MA(2)","0.004","0.906","0.500","0.366","0.016","0.007","0.000","0.011"
"439","55","0.56|0.18|0.07","100.000","MA(3)","0.003","0.917","0.502","0.350","0.016","0.006","0.000","0.011"
"440","55","0.56|0.18|0.07","100.000","MA(3) K-R","NA","NA","NA","NA","NA","NA","NA","NA"
"441","56","0.56|0.18|0.07","300.000","Linear Reg","0.008","0.781","0.202","0.837","0.010","0.009","0.000","0.008"
"442","56","0.56|0.18|0.07","300.000","Prais Winsten","0.001","0.968","0.194","0.539","0.010","0.004","0.000","0.011"
"443","56","0.56|0.18|0.07","300.000","ARMA","0.005","0.935","0.189","0.647","0.010","0.006","0.000","0.011"
"444","56","0.56|0.18|0.07","300.000","Newey West","0.008","0.904","0.202","0.674","0.010","0.007","0.000","0.010"
"445","56","0.56|0.18|0.07","300.000","MA(1)","0.007","0.897","0.190","0.734","0.010","0.007","0.000","0.010"
"446","56","0.56|0.18|0.07","300.000","MA(2)","0.006","0.927","0.188","0.677","0.010","0.006","0.000","0.010"
"447","56","0.56|0.18|0.07","300.000","MA(3)","0.005","0.947","0.187","0.632","0.010","0.005","0.000","0.011"
"448","56","0.56|0.18|0.07","300.000","MA(3) K-R","NA","NA","NA","NA","NA","NA","NA","NA"
"449","57","0.52|0.07|0.03","20.000","Linear Reg","-0.035","0.857","2.120","0.255","0.033","0.008","0.002","0.010"
"450","57","0.52|0.07|0.03","20.000","Prais Winsten","-0.044","0.901","1.769","0.186","0.030","0.007","0.001","0.009"
"451","57","0.52|0.07|0.03","20.000","ARMA","-0.051","0.828","1.824","0.295","0.030","0.008","0.001","0.010"
"452","57","0.52|0.07|0.03","20.000","Newey West","-0.035","0.740","2.120","0.377","0.033","0.010","0.002","0.011"
"453","57","0.52|0.07|0.03","20.000","MA(1)","-0.017","0.796","1.451","0.352","0.027","0.009","0.001","0.011"
"454","57","0.52|0.07|0.03","20.000","MA(2)","-0.030","0.674","1.825","0.451","0.030","0.010","0.001","0.011"
"455","57","0.52|0.07|0.03","20.000","MA(3)","-0.030","0.629","1.901","0.498","0.031","0.011","0.001","0.011"
"456","57","0.52|0.07|0.03","20.000","MA(3) K-R","-0.021","0.970","1.638","0.061","0.029","0.004","0.001","0.005"
"457","58","0.52|0.07|0.03","50.000","Linear Reg","0.032","0.821","1.037","0.357","0.023","0.009","0.001","0.011"
"458","58","0.52|0.07|0.03","50.000","Prais Winsten","0.029","0.939","0.923","0.192","0.021","0.005","0.001","0.009"
"459","58","0.52|0.07|0.03","50.000","ARMA","0.021","0.910","0.788","0.278","0.020","0.006","0.001","0.010"
"460","58","0.52|0.07|0.03","50.000","Newey West","0.032","0.818","1.037","0.343","0.023","0.009","0.001","0.011"
"461","58","0.52|0.07|0.03","50.000","MA(1)","0.025","0.862","0.807","0.315","0.020","0.008","0.001","0.010"
"462","58","0.52|0.07|0.03","50.000","MA(2)","0.028","0.853","0.831","0.323","0.020","0.008","0.001","0.010"
"463","58","0.52|0.07|0.03","50.000","MA(3)","0.037","0.803","0.894","0.360","0.021","0.009","0.001","0.011"
"464","58","0.52|0.07|0.03","50.000","MA(3) K-R","0.034","0.966","0.832","0.126","0.020","0.004","0.001","0.007"
"465","59","0.52|0.07|0.03","100.000","Linear Reg","0.005","0.827","0.533","0.507","0.016","0.008","0.000","0.011"
"466","59","0.52|0.07|0.03","100.000","Prais Winsten","-0.014","0.958","0.494","0.274","0.016","0.004","0.000","0.010"
"467","59","0.52|0.07|0.03","100.000","ARMA","-0.003","0.926","0.435","0.390","0.015","0.006","0.000","0.011"
"468","59","0.52|0.07|0.03","100.000","Newey West","0.005","0.867","0.533","0.413","0.016","0.008","0.000","0.011"
"469","59","0.52|0.07|0.03","100.000","MA(1)","-0.008","0.926","0.430","0.397","0.015","0.006","0.000","0.011"
"470","59","0.52|0.07|0.03","100.000","MA(2)","-0.009","0.917","0.437","0.395","0.015","0.006","0.000","0.011"
"471","59","0.52|0.07|0.03","100.000","MA(3)","-0.010","0.912","0.453","0.395","0.015","0.006","0.000","0.011"
"472","59","0.52|0.07|0.03","100.000","MA(3) K-R","NA","NA","NA","NA","NA","NA","NA","NA"
"473","60","0.52|0.07|0.03","300.000","Linear Reg","0.010","0.806","0.194","0.828","0.010","0.009","0.000","0.008"
"474","60","0.52|0.07|0.03","300.000","Prais Winsten","0.010","0.971","0.190","0.520","0.010","0.004","0.000","0.011"
"475","60","0.52|0.07|0.03","300.000","ARMA","0.009","0.928","0.179","0.691","0.009","0.006","0.000","0.010"
"476","60","0.52|0.07|0.03","300.000","Newey West","0.010","0.906","0.194","0.688","0.010","0.007","0.000","0.010"
"477","60","0.52|0.07|0.03","300.000","MA(1)","0.010","0.927","0.178","0.715","0.009","0.006","0.000","0.010"
"478","60","0.52|0.07|0.03","300.000","MA(2)","0.010","0.927","0.178","0.698","0.009","0.006","0.000","0.010"
"479","60","0.52|0.07|0.03","300.000","MA(3)","0.010","0.937","0.179","0.672","0.009","0.005","0.000","0.010"
"480","60","0.52|0.07|0.03","300.000","MA(3) K-R","NA","NA","NA","NA","NA","NA","NA","NA"
"481","61","0.66|0.30|0.09","20.000","Linear Reg","0.013","0.792","2.860","0.279","0.038","0.009","0.002","0.010"
"482","61","0.66|0.30|0.09","20.000","Prais Winsten","0.026","0.898","1.741","0.177","0.029","0.007","0.001","0.009"
"483","61","0.66|0.30|0.09","20.000","ARMA","0.015","0.792","2.102","0.300","0.032","0.009","0.002","0.010"
"484","61","0.66|0.30|0.09","20.000","Newey West","0.013","0.757","2.860","0.313","0.038","0.010","0.002","0.010"
"485","61","0.66|0.30|0.09","20.000","MA(1)","0.014","0.782","1.966","0.326","0.031","0.009","0.001","0.010"
"486","61","0.66|0.30|0.09","20.000","MA(2)","-0.004","0.676","2.234","0.403","0.033","0.010","0.002","0.011"
"487","61","0.66|0.30|0.09","20.000","MA(3)","-0.012","0.632","2.546","0.456","0.036","0.011","0.002","0.011"
"488","61","0.66|0.30|0.09","20.000","MA(3) K-R","0.034","0.964","2.002","0.062","0.032","0.004","0.002","0.005"
"489","62","0.66|0.30|0.09","50.000","Linear Reg","-0.000","0.738","1.603","0.398","0.028","0.010","0.001","0.011"
"490","62","0.66|0.30|0.09","50.000","Prais Winsten","-0.014","0.927","1.099","0.207","0.023","0.006","0.001","0.009"
"491","62","0.66|0.30|0.09","50.000","ARMA","-0.010","0.870","1.130","0.292","0.024","0.008","0.001","0.010"
"492","62","0.66|0.30|0.09","50.000","Newey West","-0.000","0.803","1.603","0.323","0.028","0.009","0.001","0.010"
"493","62","0.66|0.30|0.09","50.000","MA(1)","-0.019","0.835","1.179","0.350","0.024","0.008","0.001","0.011"
"494","62","0.66|0.30|0.09","50.000","MA(2)","-0.002","0.875","1.112","0.285","0.024","0.007","0.001","0.010"
"495","62","0.66|0.30|0.09","50.000","MA(3)","-0.019","0.848","1.234","0.297","0.025","0.008","0.001","0.010"
"496","62","0.66|0.30|0.09","50.000","MA(3) K-R","-0.017","0.934","1.180","0.159","0.024","0.006","0.001","0.008"
"497","63","0.66|0.30|0.09","100.000","Linear Reg","0.017","0.722","0.888","0.481","0.021","0.010","0.001","0.011"
"498","63","0.66|0.30|0.09","100.000","Prais Winsten","0.009","0.951","0.679","0.220","0.018","0.005","0.001","0.009"
"499","63","0.66|0.30|0.09","100.000","ARMA","0.012","0.902","0.674","0.315","0.018","0.007","0.001","0.010"
"500","63","0.66|0.30|0.09","100.000","Newey West","0.017","0.840","0.888","0.338","0.021","0.008","0.001","0.011"
"501","63","0.66|0.30|0.09","100.000","MA(1)","0.011","0.844","0.725","0.408","0.019","0.008","0.001","0.011"
"502","63","0.66|0.30|0.09","100.000","MA(2)","0.009","0.908","0.666","0.330","0.018","0.006","0.000","0.011"
"503","63","0.66|0.30|0.09","100.000","MA(3)","0.009","0.927","0.651","0.294","0.018","0.006","0.000","0.010"
"504","63","0.66|0.30|0.09","100.000","MA(3) K-R","NA","NA","NA","NA","NA","NA","NA","NA"
"505","64","0.66|0.30|0.09","300.000","Linear Reg","0.022","0.759","0.284","0.751","0.012","0.010","0.000","0.010"
"506","64","0.66|0.30|0.09","300.000","Prais Winsten","0.020","0.976","0.274","0.352","0.012","0.003","0.000","0.011"
"507","64","0.66|0.30|0.09","300.000","ARMA","0.019","0.938","0.255","0.521","0.011","0.005","0.000","0.011"
"508","64","0.66|0.30|0.09","300.000","Newey West","0.022","0.909","0.284","0.537","0.012","0.006","0.000","0.011"
"509","64","0.66|0.30|0.09","300.000","MA(1)","0.019","0.856","0.264","0.674","0.011","0.008","0.000","0.010"
"510","64","0.66|0.30|0.09","300.000","MA(2)","0.017","0.922","0.253","0.573","0.011","0.006","0.000","0.011"
"511","64","0.66|0.30|0.09","300.000","MA(3)","0.018","0.948","0.252","0.494","0.011","0.005","0.000","0.011"
"512","64","0.66|0.30|0.09","300.000","MA(3) K-R","NA","NA","NA","NA","NA","NA","NA","NA"
"513","65","0.61|0.25|0.13","20.000","Linear Reg","0.001","0.800","2.661","0.285","0.036","0.009","0.002","0.010"
"514","65","0.61|0.25|0.13","20.000","Prais Winsten","-0.007","0.884","1.868","0.196","0.031","0.007","0.001","0.009"
"515","65","0.61|0.25|0.13","20.000","ARMA","-0.019","0.792","2.105","0.317","0.032","0.009","0.002","0.010"
"516","65","0.61|0.25|0.13","20.000","Newey West","0.001","0.738","2.661","0.351","0.036","0.010","0.002","0.011"
"517","65","0.61|0.25|0.13","20.000","MA(1)","0.013","0.788","1.605","0.349","0.028","0.009","0.001","0.011"
"518","65","0.61|0.25|0.13","20.000","MA(2)","-0.002","0.683","2.014","0.439","0.032","0.010","0.002","0.011"
"519","65","0.61|0.25|0.13","20.000","MA(3)","-0.001","0.632","2.272","0.482","0.034","0.011","0.002","0.011"
"520","65","0.61|0.25|0.13","20.000","MA(3) K-R","0.000","0.953","1.685","0.066","0.029","0.005","0.001","0.006"
"521","66","0.61|0.25|0.13","50.000","Linear Reg","0.010","0.774","1.389","0.364","0.026","0.009","0.001","0.011"
"522","66","0.61|0.25|0.13","50.000","Prais Winsten","0.003","0.934","1.000","0.188","0.022","0.006","0.001","0.009"
"523","66","0.61|0.25|0.13","50.000","ARMA","0.000","0.910","0.909","0.256","0.021","0.006","0.001","0.010"
"524","66","0.61|0.25|0.13","50.000","Newey West","0.010","0.819","1.389","0.300","0.026","0.009","0.001","0.010"
"525","66","0.61|0.25|0.13","50.000","MA(1)","-0.010","0.845","0.894","0.335","0.021","0.008","0.001","0.011"
"526","66","0.61|0.25|0.13","50.000","MA(2)","-0.008","0.825","0.934","0.330","0.022","0.008","0.001","0.011"
"527","66","0.61|0.25|0.13","50.000","MA(3)","-0.007","0.814","0.923","0.339","0.021","0.009","0.001","0.011"
"528","66","0.61|0.25|0.13","50.000","MA(3) K-R","-0.008","0.974","0.852","0.072","0.021","0.004","0.001","0.006"
"529","67","0.61|0.25|0.13","100.000","Linear Reg","0.021","0.762","0.792","0.489","0.020","0.010","0.001","0.011"
"530","67","0.61|0.25|0.13","100.000","Prais Winsten","0.001","0.953","0.658","0.227","0.018","0.005","0.000","0.009"
"531","67","0.61|0.25|0.13","100.000","ARMA","0.015","0.898","0.599","0.341","0.017","0.007","0.000","0.011"
"532","67","0.61|0.25|0.13","100.000","Newey West","0.021","0.848","0.792","0.346","0.020","0.008","0.001","0.011"
"533","67","0.61|0.25|0.13","100.000","MA(1)","0.015","0.858","0.604","0.402","0.017","0.008","0.000","0.011"
"534","67","0.61|0.25|0.13","100.000","MA(2)","0.013","0.859","0.614","0.388","0.018","0.008","0.000","0.011"
"535","67","0.61|0.25|0.13","100.000","MA(3)","0.011","0.882","0.608","0.362","0.017","0.007","0.000","0.011"
"536","67","0.61|0.25|0.13","100.000","MA(3) K-R","NA","NA","NA","NA","NA","NA","NA","NA"
"537","68","0.61|0.25|0.13","300.000","Linear Reg","-0.015","0.743","0.288","0.782","0.012","0.010","0.000","0.009"
"538","68","0.61|0.25|0.13","300.000","Prais Winsten","-0.010","0.963","0.266","0.431","0.012","0.004","0.000","0.011"
"539","68","0.61|0.25|0.13","300.000","ARMA","-0.009","0.922","0.251","0.575","0.011","0.006","0.000","0.011"
"540","68","0.61|0.25|0.13","300.000","Newey West","-0.015","0.890","0.288","0.585","0.012","0.007","0.000","0.011"
"541","68","0.61|0.25|0.13","300.000","MA(1)","-0.010","0.878","0.254","0.678","0.011","0.007","0.000","0.010"
"542","68","0.61|0.25|0.13","300.000","MA(2)","-0.010","0.887","0.255","0.659","0.011","0.007","0.000","0.011"
"543","68","0.61|0.25|0.13","300.000","MA(3)","-0.008","0.931","0.251","0.562","0.011","0.006","0.000","0.011"
"544","68","0.61|0.25|0.13","300.000","MA(3) K-R","NA","NA","NA","NA","NA","NA","NA","NA"
"545","69","0.65|0.33|0.17","20.000","Linear Reg","-0.017","0.770","3.059","0.305","0.039","0.009","0.002","0.010"
"546","69","0.65|0.33|0.17","20.000","Prais Winsten","0.002","0.876","2.032","0.213","0.032","0.007","0.002","0.009"
"547","69","0.65|0.33|0.17","20.000","ARMA","-0.006","0.758","2.383","0.323","0.035","0.010","0.002","0.010"
"548","69","0.65|0.33|0.17","20.000","Newey West","-0.017","0.724","3.059","0.350","0.039","0.010","0.002","0.011"
"549","69","0.65|0.33|0.17","20.000","MA(1)","0.018","0.762","1.880","0.360","0.031","0.010","0.001","0.011"
"550","69","0.65|0.33|0.17","20.000","MA(2)","0.033","0.664","2.349","0.439","0.034","0.011","0.002","0.011"
"551","69","0.65|0.33|0.17","20.000","MA(3)","0.006","0.608","2.557","0.476","0.036","0.011","0.002","0.011"
"552","69","0.65|0.33|0.17","20.000","MA(3) K-R","0.017","0.959","1.888","0.062","0.031","0.004","0.001","0.005"
"553","70","0.65|0.33|0.17","50.000","Linear Reg","-0.029","0.754","1.630","0.395","0.029","0.010","0.001","0.011"
"554","70","0.65|0.33|0.17","50.000","Prais Winsten","-0.031","0.927","1.090","0.196","0.023","0.006","0.001","0.009"
"555","70","0.65|0.33|0.17","50.000","ARMA","-0.029","0.900","1.014","0.259","0.023","0.007","0.001","0.010"
"556","70","0.65|0.33|0.17","50.000","Newey West","-0.029","0.819","1.630","0.315","0.029","0.009","0.001","0.010"
"557","70","0.65|0.33|0.17","50.000","MA(1)","-0.042","0.827","1.030","0.352","0.023","0.008","0.001","0.011"
"558","70","0.65|0.33|0.17","50.000","MA(2)","-0.039","0.835","1.077","0.339","0.023","0.008","0.001","0.011"
"559","70","0.65|0.33|0.17","50.000","MA(3)","-0.031","0.844","0.986","0.338","0.022","0.008","0.001","0.011"
"560","70","0.65|0.33|0.17","50.000","MA(3) K-R","-0.033","0.982","0.925","0.069","0.021","0.003","0.001","0.006"
"561","71","0.65|0.33|0.17","100.000","Linear Reg","0.012","0.741","0.903","0.468","0.021","0.010","0.001","0.011"
"562","71","0.65|0.33|0.17","100.000","Prais Winsten","0.015","0.954","0.694","0.210","0.019","0.005","0.001","0.009"
"563","71","0.65|0.33|0.17","100.000","ARMA","0.019","0.910","0.660","0.301","0.018","0.006","0.000","0.010"
"564","71","0.65|0.33|0.17","100.000","Newey West","0.012","0.849","0.903","0.315","0.021","0.008","0.001","0.010"
"565","71","0.65|0.33|0.17","100.000","MA(1)","0.018","0.857","0.652","0.372","0.018","0.008","0.000","0.011"
"566","71","0.65|0.33|0.17","100.000","MA(2)","0.015","0.866","0.667","0.355","0.018","0.008","0.001","0.011"
"567","71","0.65|0.33|0.17","100.000","MA(3)","0.014","0.892","0.630","0.327","0.018","0.007","0.000","0.010"
"568","71","0.65|0.33|0.17","100.000","MA(3) K-R","NA","NA","NA","NA","NA","NA","NA","NA"
"569","72","0.65|0.33|0.17","300.000","Linear Reg","0.027","0.725","0.328","0.728","0.013","0.010","0.000","0.010"
"570","72","0.65|0.33|0.17","300.000","Prais Winsten","0.023","0.974","0.294","0.355","0.012","0.004","0.000","0.011"
"571","72","0.65|0.33|0.17","300.000","ARMA","0.037","0.943","0.272","0.467","0.012","0.005","0.000","0.011"
"572","72","0.65|0.33|0.17","300.000","Newey West","0.027","0.903","0.328","0.498","0.013","0.007","0.000","0.011"
"573","72","0.65|0.33|0.17","300.000","MA(1)","0.029","0.868","0.278","0.616","0.012","0.008","0.000","0.011"
"574","72","0.65|0.33|0.17","300.000","MA(2)","0.029","0.887","0.279","0.588","0.012","0.007","0.000","0.011"
"575","72","0.65|0.33|0.17","300.000","MA(3)","0.037","0.954","0.261","0.473","0.011","0.005","0.000","0.011"
"576","72","0.65|0.33|0.17","300.000","MA(3) K-R","NA","NA","NA","NA","NA","NA","NA","NA"
"577","73","0.74|0.48|0.23","20.000","Linear Reg","-0.016","0.735","4.697","0.316","0.048","0.010","0.004","0.010"
"578","73","0.74|0.48|0.23","20.000","Prais Winsten","0.000","0.887","2.284","0.182","0.034","0.007","0.002","0.009"
"579","73","0.74|0.48|0.23","20.000","ARMA","-0.016","0.786","2.771","0.325","0.037","0.009","0.002","0.010"
"580","73","0.74|0.48|0.23","20.000","Newey West","-0.016","0.742","4.697","0.315","0.048","0.010","0.004","0.010"
"581","73","0.74|0.48|0.23","20.000","MA(1)","0.005","0.762","2.431","0.337","0.035","0.010","0.002","0.011"
"582","73","0.74|0.48|0.23","20.000","MA(2)","0.001","0.696","2.632","0.403","0.036","0.010","0.002","0.011"
"583","73","0.74|0.48|0.23","20.000","MA(3)","0.036","0.669","2.859","0.422","0.038","0.011","0.002","0.011"
"584","73","0.74|0.48|0.23","20.000","MA(3) K-R","0.027","0.968","1.684","0.044","0.029","0.004","0.001","0.005"
"585","74","0.74|0.48|0.23","50.000","Linear Reg","-0.032","0.674","2.952","0.383","0.038","0.010","0.002","0.011"
"586","74","0.74|0.48|0.23","50.000","Prais Winsten","0.011","0.918","1.585","0.165","0.028","0.006","0.001","0.008"
"587","74","0.74|0.48|0.23","50.000","ARMA","0.025","0.872","1.560","0.226","0.028","0.007","0.001","0.009"
"588","74","0.74|0.48|0.23","50.000","Newey West","-0.032","0.788","2.952","0.280","0.038","0.009","0.002","0.010"
"589","74","0.74|0.48|0.23","50.000","MA(1)","-0.005","0.774","1.640","0.350","0.029","0.009","0.001","0.011"
"590","74","0.74|0.48|0.23","50.000","MA(2)","0.018","0.791","1.763","0.315","0.030","0.009","0.001","0.010"
"591","74","0.74|0.48|0.23","50.000","MA(3)","0.031","0.844","1.004","0.327","0.022","0.008","0.001","0.010"
"592","74","0.74|0.48|0.23","50.000","MA(3) K-R","0.033","0.982","0.945","0.045","0.022","0.003","0.001","0.005"
"593","75","0.74|0.48|0.23","100.000","Linear Reg","-0.009","0.682","1.615","0.445","0.028","0.010","0.001","0.011"
"594","75","0.74|0.48|0.23","100.000","Prais Winsten","-0.017","0.951","1.057","0.172","0.023","0.005","0.001","0.008"
"595","75","0.74|0.48|0.23","100.000","ARMA","-0.025","0.928","0.842","0.255","0.021","0.006","0.001","0.010"
"596","75","0.74|0.48|0.23","100.000","Newey West","-0.009","0.839","1.615","0.261","0.028","0.008","0.001","0.010"
"597","75","0.74|0.48|0.23","100.000","MA(1)","-0.016","0.804","1.018","0.393","0.023","0.009","0.001","0.011"
"598","75","0.74|0.48|0.23","100.000","MA(2)","-0.016","0.841","1.081","0.338","0.023","0.008","0.001","0.011"
"599","75","0.74|0.48|0.23","100.000","MA(3)","-0.019","0.860","0.699","0.372","0.019","0.008","0.001","0.011"
"600","75","0.74|0.48|0.23","100.000","MA(3) K-R","NA","NA","NA","NA","NA","NA","NA","NA"
"601","76","0.74|0.48|0.23","300.000","Linear Reg","-0.023","0.673","0.620","0.655","0.018","0.010","0.000","0.011"
"602","76","0.74|0.48|0.23","300.000","Prais Winsten","-0.011","0.969","0.527","0.218","0.016","0.004","0.000","0.009"
"603","76","0.74|0.48|0.23","300.000","ARMA","0.005","0.936","0.406","0.375","0.014","0.005","0.000","0.011"
"604","76","0.74|0.48|0.23","300.000","Newey West","-0.023","0.889","0.620","0.360","0.018","0.007","0.000","0.011"
"605","76","0.74|0.48|0.23","300.000","MA(1)","-0.010","0.823","0.486","0.546","0.016","0.009","0.000","0.011"
"606","76","0.74|0.48|0.23","300.000","MA(2)","-0.017","0.846","0.516","0.498","0.016","0.008","0.000","0.011"
"607","76","0.74|0.48|0.23","300.000","MA(3)","0.006","0.931","0.369","0.415","0.014","0.006","0.000","0.011"
"608","76","0.74|0.48|0.23","300.000","MA(3) K-R","NA","NA","NA","NA","NA","NA","NA","NA"
"609","77","0.72|0.38|0.15","20.000","Linear Reg","0.037","0.748","4.059","0.295","0.045","0.010","0.003","0.010"
"610","77","0.72|0.38|0.15","20.000","Prais Winsten","0.055","0.898","1.931","0.184","0.031","0.007","0.001","0.009"
"611","77","0.72|0.38|0.15","20.000","ARMA","0.052","0.808","2.230","0.290","0.033","0.009","0.002","0.010"
"612","77","0.72|0.38|0.15","20.000","Newey West","0.037","0.747","4.059","0.305","0.045","0.010","0.003","0.010"
"613","77","0.72|0.38|0.15","20.000","MA(1)","0.049","0.777","1.950","0.339","0.031","0.009","0.001","0.011"
"614","77","0.72|0.38|0.15","20.000","MA(2)","0.046","0.661","2.283","0.426","0.034","0.011","0.002","0.011"
"615","77","0.72|0.38|0.15","20.000","MA(3)","0.022","0.617","2.628","0.466","0.036","0.011","0.002","0.011"
"616","77","0.72|0.38|0.15","20.000","MA(3) K-R","0.039","0.969","1.762","0.046","0.030","0.004","0.001","0.005"
"617","78","0.72|0.38|0.15","50.000","Linear Reg","-0.002","0.712","2.296","0.379","0.034","0.010","0.002","0.011"
"618","78","0.72|0.38|0.15","50.000","Prais Winsten","-0.032","0.917","1.381","0.183","0.026","0.006","0.001","0.009"
"619","78","0.72|0.38|0.15","50.000","ARMA","-0.023","0.864","1.280","0.281","0.025","0.008","0.001","0.010"
"620","78","0.72|0.38|0.15","50.000","Newey West","-0.002","0.797","2.296","0.282","0.034","0.009","0.002","0.010"
"621","78","0.72|0.38|0.15","50.000","MA(1)","0.015","0.788","1.354","0.339","0.026","0.009","0.001","0.011"
"622","78","0.72|0.38|0.15","50.000","MA(2)","-0.010","0.823","1.310","0.306","0.026","0.009","0.001","0.010"
"623","78","0.72|0.38|0.15","50.000","MA(3)","0.019","0.828","1.204","0.310","0.025","0.008","0.001","0.010"
"624","78","0.72|0.38|0.15","50.000","MA(3) K-R","0.013","0.970","1.117","0.106","0.024","0.004","0.001","0.007"
"625","79","0.72|0.38|0.15","100.000","Linear Reg","-0.045","0.719","1.236","0.479","0.025","0.010","0.001","0.011"
"626","79","0.72|0.38|0.15","100.000","Prais Winsten","-0.024","0.947","0.889","0.184","0.021","0.005","0.001","0.009"
"627","79","0.72|0.38|0.15","100.000","ARMA","-0.033","0.902","0.814","0.291","0.020","0.007","0.001","0.010"
"628","79","0.72|0.38|0.15","100.000","Newey West","-0.045","0.839","1.236","0.315","0.025","0.008","0.001","0.010"
"629","79","0.72|0.38|0.15","100.000","MA(1)","-0.034","0.834","0.837","0.398","0.020","0.008","0.001","0.011"
"630","79","0.72|0.38|0.15","100.000","MA(2)","-0.033","0.877","0.823","0.345","0.020","0.007","0.001","0.011"
"631","79","0.72|0.38|0.15","100.000","MA(3)","-0.025","0.898","0.766","0.299","0.020","0.007","0.001","0.010"
"632","79","0.72|0.38|0.15","100.000","MA(3) K-R","NA","NA","NA","NA","NA","NA","NA","NA"
"633","80","0.72|0.38|0.15","300.000","Linear Reg","-0.016","0.694","0.464","0.684","0.015","0.010","0.000","0.010"
"634","80","0.72|0.38|0.15","300.000","Prais Winsten","-0.005","0.973","0.410","0.267","0.014","0.004","0.000","0.010"
"635","80","0.72|0.38|0.15","300.000","ARMA","-0.010","0.929","0.354","0.440","0.013","0.006","0.000","0.011"
"636","80","0.72|0.38|0.15","300.000","Newey West","-0.016","0.884","0.464","0.438","0.015","0.007","0.000","0.011"
"637","80","0.72|0.38|0.15","300.000","MA(1)","-0.016","0.822","0.385","0.615","0.014","0.009","0.000","0.011"
"638","80","0.72|0.38|0.15","300.000","MA(2)","-0.015","0.872","0.376","0.542","0.014","0.007","0.000","0.011"
"639","80","0.72|0.38|0.15","300.000","MA(3)","-0.013","0.947","0.338","0.432","0.013","0.005","0.000","0.011"
"640","80","0.72|0.38|0.15","300.000","MA(3) K-R","NA","NA","NA","NA","NA","NA","NA","NA"
